time_begin,time_begin_traj,theta_x,theta_y,vel_x,vel_y,X_throttle,Y_throttle
0.055,0.055,-7.39,-9.62,0.0,-96.54545454545453,0.0,0.0
0.107,0.107,-7.39,-10.64,0.0,-19.61538461538464,0.0,0.0
0.161,0.161,-7.9,-9.13,-9.444444444444455,27.962962962962955,0.0,0.0
0.214,0.214,-7.25,-7.85,12.264150943396235,24.15094339622644,0.0,0.0
0.266,0.266,-7.25,-7.85,0.0,0.0,0.0,0.0
0.32,0.32,-7.25,-8.36,0.0,-9.444444444444441,0.0,0.0
0.374,0.374,-7.25,-8.36,0.0,0.0,0.0,0.0
0.427,0.427,-7.25,-8.36,0.0,0.0,0.0,0.0
0.479,0.479,-6.59,-8.36,12.692307692307697,0.0,0.0,0.0
0.532,0.532,-6.59,-8.36,0.0,0.0,0.0,0.0
0.585,0.585,-7.38,-8.36,-14.90566037735851,0.0,0.0,0.0
0.638,0.638,-7.38,-8.36,0.0,0.0,0.0,0.0
0.69,0.69,-7.38,-8.36,0.0,0.0,0.0,0.0
0.743,0.743,-7.38,-9.24,0.0,-16.60377358490566,0.0,0.0
0.797,0.797,-7.38,-10.33,0.0,-20.185185185185166,0.0,0.0
0.849,0.849,-7.38,-10.33,0.0,0.0,0.0,0.0
0.902,0.902,-7.38,-9.57,0.0,14.339622641509417,0.0,0.0
0.954,0.954,-7.38,-9.57,0.0,0.0,0.0,0.0
1.008,1.008,-7.38,-8.87,0.0,12.96296296296297,0.0,0.0
1.06,1.06,-7.38,-8.87,0.0,0.0,0.0,0.0
1.113,1.113,-7.38,-8.87,0.0,0.0,0.0,0.0
1.166,1.166,-7.38,-8.87,0.0,0.0,0.0,0.0
1.218,1.218,-7.38,-8.34,0.0,10.19230769230767,0.0,0.0
1.272,1.272,-7.38,-8.34,0.0,0.0,0.0,0.0
1.324,1.324,-7.38,-8.34,0.0,0.0,0.0,0.0
1.377,1.377,-7.38,-8.34,0.0,0.0,0.0,0.0
1.429,1.429,-7.38,-8.34,0.0,0.0,0.0,0.0
1.483,1.483,-7.38,-8.34,0.0,0.0,0.0,0.0
1.536,1.536,-7.38,-8.34,0.0,0.0,0.0,0.0
1.588,1.588,-7.38,-8.34,0.0,0.0,0.0,0.0
1.641,1.641,-7.38,-8.34,0.0,0.0,0.0,0.0
1.694,1.694,-7.38,-8.34,0.0,0.0,0.0,0.0
1.747,1.747,-7.38,-8.34,0.0,0.0,0.0,0.0
1.8,1.8,-7.38,-8.34,0.0,0.0,0.0,0.0
1.852,1.852,-7.38,-8.34,0.0,0.0,0.0,0.0
1.906,1.906,-7.38,-8.34,0.0,0.0,0.0,0.0
1.958,1.958,-6.84,-8.34,10.384615384615376,0.0,0.0,0.0
2.011,2.011,-6.84,-8.34,0.0,0.0,0.0,0.0
2.063,2.063,-6.84,-8.34,0.0,0.0,0.0,0.0
2.117,2.117,-6.84,-8.34,0.0,0.0,0.0,0.0
2.169,2.169,-6.84,-8.34,0.0,0.0,0.0,0.0
2.222,2.222,-6.84,-8.34,0.0,0.0,0.0,0.0
2.275,2.275,-6.84,-8.34,0.0,0.0,0.0,0.0
2.327,2.327,-6.84,-8.34,0.0,0.0,0.0,0.0
2.381,2.381,-6.84,-8.34,0.0,0.0,0.0,0.0
2.433,2.433,-6.84,-8.34,0.0,0.0,0.0,0.0
2.486,2.486,-6.84,-8.34,0.0,0.0,0.0,0.0
2.538,2.538,-6.84,-8.34,0.0,0.0,0.0,0.0
2.592,2.592,-6.84,-8.34,0.0,0.0,0.0,0.0
2.645,2.645,-6.84,-8.34,0.0,0.0,0.0,0.0
2.697,2.697,-6.84,-8.34,0.0,0.0,0.0,0.0
2.75,2.75,-6.84,-8.34,0.0,0.0,0.0,0.0
2.803,2.803,-6.84,-8.34,0.0,0.0,0.0,0.0
2.856,2.856,-6.84,-8.34,0.0,0.0,0.0,0.0
2.908,2.908,-6.84,-8.34,0.0,0.0,0.0,0.0
2.961,2.961,-6.84,-8.34,0.0,0.0,0.0,0.0
3.015,3.015,-6.84,-8.34,0.0,0.0,0.0,0.0
3.067,3.067,-6.84,-8.34,0.0,0.0,0.0,0.0
3.121,3.121,-6.84,-8.34,0.0,0.0,0.0,0.0
3.173,3.173,-6.84,-8.34,0.0,0.0,0.0,0.0
3.227,3.227,-6.84,-8.34,0.0,0.0,0.0,0.0
3.28,3.28,-6.84,-8.34,0.0,0.0,0.0,0.0
3.332,3.332,-6.84,-8.34,0.0,0.0,0.0,0.0
3.385,3.385,-6.84,-8.34,0.0,0.0,0.0,0.0
3.438,3.438,-6.84,-8.34,0.0,0.0,0.0,0.0
3.491,3.491,-6.84,-8.34,0.0,0.0,0.0,0.0
3.543,3.543,-6.84,-8.34,0.0,0.0,0.0,0.0
3.596,3.596,-6.84,-8.34,0.0,0.0,0.0,0.0
3.648,3.648,-6.84,-8.34,0.0,0.0,0.0,0.0
3.702,3.702,-6.84,-8.34,0.0,0.0,0.0,0.0
3.755,3.755,-6.84,-8.34,0.0,0.0,0.0,0.0
3.807,3.807,-6.84,-8.34,0.0,0.0,0.0,0.0
3.86,3.86,-6.84,-8.34,0.0,0.0,0.0,0.0
3.913,3.913,-6.84,-8.34,0.0,0.0,0.0,0.0
3.966,3.966,-6.84,-8.34,0.0,0.0,0.0,0.0
4.018,4.018,-6.84,-8.34,0.0,0.0,0.0,0.0
4.071,4.071,-6.84,-8.34,0.0,0.0,0.0,0.0
4.125,4.125,-6.84,-8.34,0.0,0.0,0.0,0.0
4.178,4.178,-6.84,-8.34,0.0,0.0,0.0,0.0
4.23,4.23,-6.84,-8.34,0.0,0.0,0.0,0.0
4.283,4.283,-6.84,-7.8,0.0,10.188679245283032,0.0,0.0
4.337,4.337,-6.84,-6.99,0.0,15.000000000000165,0.0,0.0
4.389,4.389,-6.84,-6.99,0.0,0.0,0.0,0.0
4.442,4.442,-6.84,-8.31,0.0,-24.905660377358526,0.0,0.0
4.494,4.494,-6.84,-8.31,0.0,0.0,0.0,0.0
4.548,4.548,-6.84,-8.31,0.0,0.0,0.0,0.0
4.6,4.6,-6.84,-8.31,0.0,0.0,0.0,0.0
4.706,4.706,-6.84,-8.31,0.0,0.0,0.0,0.0
4.758,4.758,-6.84,-8.31,0.0,0.0,0.0,0.0
4.812,4.812,-6.84,-8.31,0.0,0.0,0.0,0.0
4.864,4.864,-6.84,-8.31,0.0,0.0,0.0,0.0
4.917,4.917,-6.84,-8.31,0.0,0.0,0.0,0.0
4.969,4.969,-6.84,-8.31,0.0,0.0,0.0,0.0
5.023,5.023,-6.84,-8.31,0.0,0.0,0.0,0.0
5.076,5.076,-6.84,-8.31,0.0,0.0,0.0,0.0
5.128,5.128,-6.84,-8.31,0.0,0.0,0.0,0.0
5.181,5.181,-6.84,-8.31,0.0,0.0,0.0,0.0
5.234,5.234,-6.84,-8.31,0.0,0.0,0.0,10.0
5.287,5.287,-6.84,-8.82,0.0,-9.62264150943397,10.0,10.0
5.34,5.34,-6.84,-9.64,0.0,-15.471698113207571,10.0,10.0
5.393,5.393,-6.84,-9.13,0.0,9.62264150943397,10.0,10.0
5.446,5.446,-6.84,-9.13,0.0,0.0,10.0,10.0
5.499,5.499,-6.84,-11.16,0.0,-38.30188679245286,10.0,10.0
5.553,5.553,-6.84,-9.18,0.0,36.666666666666494,10.0,10.0
5.606,5.606,-6.84,-6.32,0.0,53.96226415094345,10.0,10.0
5.66,5.66,-6.84,-7.21,0.0,-16.481481481481392,10.0,10.0
5.712,5.712,-6.84,-7.21,0.0,0.0,10.0,10.0
5.765,5.765,-6.27,-4.02,10.754716981132093,60.1886792452831,10.0,10.0
5.818,5.818,-6.27,-4.59,0.0,-10.754716981132093,10.0,10.0
5.872,5.872,-6.27,-6.02,0.0,-26.481481481481342,10.0,10.0
5.925,5.925,-6.27,-6.02,0.0,0.0,10.0,10.0
5.978,5.978,-6.27,-6.02,0.0,0.0,10.0,10.0
6.03,6.03,-5.68,-7.55,11.346153846153737,-29.42307692307665,10.0,10.0
6.085,6.085,-5.68,-9.26,0.0,-31.09090909090925,10.0,10.0
6.137,6.137,-5.68,-8.3,0.0,18.461538461538584,10.0,10.0
6.19,6.19,-5.68,-8.3,0.0,0.0,10.0,10.0
6.243,6.243,-5.04,-9.4,12.075471698113216,-20.754716981132095,10.0,10.0
6.297,6.297,-5.04,-8.44,0.0,17.777777777778,10.0,10.0
6.351,6.351,-5.04,-7.19,0.0,23.148148148148017,10.0,10.0
6.404,6.404,-5.04,-7.82,0.0,-11.886792452830202,10.0,10.0
6.457,6.457,-4.34,-7.08,13.20754716981134,13.962264150943417,10.0,10.0
6.511,6.511,-4.34,-7.08,0.0,0.0,10.0,10.0
6.564,6.564,-4.34,-9.05,0.0,-37.169811320754775,10.0,10.0
6.617,6.617,-4.34,-6.54,0.0,47.35849056603781,10.0,10.0
6.669,6.669,-4.34,-2.18,0.0,83.84615384615448,10.0,10.0
6.722,6.722,-4.34,-2.18,0.0,0.0,10.0,10.0
6.776,6.776,-4.34,-3.82,0.0,-30.37037037037071,10.0,10.0
6.83,6.83,-4.34,-2.95,0.0,16.111111111111025,10.0,10.0
6.883,6.883,-4.34,-2.95,0.0,0.0,10.0,10.0
6.937,6.937,-3.67,-5.65,12.407407407407344,-49.99999999999975,10.0,10.0
6.99,6.99,-3.67,-7.5,0.0,-34.90566037735853,10.0,10.0
7.043,7.043,-3.67,-6.26,0.0,23.39622641509437,10.0,10.0
7.096,7.096,-3.03,-5.46,12.075471698113224,15.094339622641524,10.0,10.0
7.148,7.148,-3.03,-6.72,0.0,-24.23076923076941,10.0,10.0
7.203,7.203,-2.46,-5.77,10.363636363636246,17.272727272727085,10.0,10.0
7.256,7.256,-2.46,-3.72,0.0,38.6792452830189,10.0,10.0
7.309,7.309,-2.46,-3.15,0.0,10.754716981132093,10.0,10.0
7.361,7.361,-1.83,-2.26,12.115384615384706,17.115384615384748,10.0,10.0
7.415,7.415,-1.83,-1.04,0.0,22.592592592592474,10.0,10.0
7.47,7.47,-1.83,-1.66,0.0,-11.272727272727328,10.0,10.0
7.522,7.522,-2.51,-1.66,-13.076923076922949,0.0,10.0,10.0
7.575,7.575,-2.51,0.82,0.0,46.792452830188736,10.0,10.0
7.629,7.629,-1.79,-0.11,13.333333333333481,-17.222222222222417,10.0,10.0
7.682,7.682,-1.79,-2.63,0.0,-47.54716981132002,10.0,10.0
7.735,7.735,-1.79,-3.53,0.0,-16.981132075471717,10.0,10.0
7.841,7.841,-1.79,-3.82,0.0,-2.735849056603777,10.0,10.0
7.894,7.894,-0.95,-5.75,15.849056603773606,-36.41509433962269,10.0,10.0
7.947,7.947,-0.95,-4.63,0.0,21.13207547169814,10.0,10.0
8.002,8.002,-0.95,-2.46,0.0,39.45454545454502,10.0,10.0
8.055,8.055,-0.95,-2.46,0.0,0.0,10.0,10.0
8.108,8.108,-0.16,-1.83,14.905660377358258,11.886792452830003,10.0,10.0
8.161,8.161,-0.16,-1.83,0.0,0.0,10.0,10.0
8.214,8.214,-0.16,-1.28,0.0,10.377358490565877,10.0,10.0
8.267,8.267,-0.16,0.36,0.0,30.943396226415654,10.0,10.0
8.32,8.32,-0.16,2.72,0.0,44.528301886791766,10.0,10.0
8.373,8.373,-0.16,2.16,0.0,-10.566037735849248,10.0,10.0
8.426,8.426,-0.16,1.25,0.0,-17.16981132075445,10.0,10.0
8.48,8.48,0.68,1.84,15.555555555555479,10.925925925925872,10.0,10.0
8.532,8.532,1.25,1.28,10.961538461538545,-10.769230769230854,10.0,10.0
8.585,8.585,1.25,-0.7,0.0,-37.358490566037155,10.0,10.0
8.638,8.638,1.25,-2.12,0.0,-26.792452830189163,10.0,10.0
8.692,8.692,2.17,-1.22,17.03703703703695,16.666666666666586,10.0,10.0
8.745,8.745,2.17,-1.22,0.0,0.0,10.0,10.0
8.797,8.797,2.17,-1.86,0.0,-12.307692307691983,10.0,10.0
8.85,8.85,2.17,-0.95,0.0,17.169811320755027,10.0,10.0
8.904,8.904,2.17,0.87,0.0,33.70370370370353,10.0,10.0
8.957,8.957,2.68,0.87,9.622641509433818,0.0,10.0,10.0
9.009,9.009,2.68,1.53,0.0,12.69230769230779,10.0,10.0
9.062,9.062,2.68,1.53,0.0,0.0,10.0,10.0
9.116,9.116,3.56,2.09,16.296296296296212,10.370370370370315,10.0,10.0
9.169,9.169,3.56,3.91,0.0,34.3396226415089,10.0,10.0
9.221,9.221,3.56,6.21,0.0,44.23076923076957,10.0,10.0
9.274,9.274,4.28,5.27,13.584905660377606,-17.7358490566041,10.0,10.0
9.328,9.328,4.28,3.96,0.0,-24.25925925925913,10.0,10.0
9.381,9.381,5.0,4.66,13.584905660377142,13.207547169811118,10.0,10.0
9.433,9.433,5.0,4.66,0.0,0.0,10.0,10.0
9.486,9.486,5.69,2.84,13.018867924528108,-34.3396226415089,10.0,10.0
9.54,9.54,6.24,1.27,10.185185185185466,-29.074074074074883,10.0,10.0
9.593,9.593,7.11,3.12,16.41509433962239,34.90566037735795,10.0,10.0
9.645,9.645,7.11,5.7,0.0,49.615384615385,10.0,10.0
9.698,9.698,7.11,5.7,0.0,0.0,10.0,10.0
9.751,9.751,7.11,6.3,0.0,11.320754716981329,10.0,10.0
9.805,9.805,7.11,9.08,0.0,51.481481481481225,10.0,10.0
9.857,9.857,7.67,8.4,10.769230769230845,-13.07692307692317,10.0,10.0
9.91,9.91,7.67,6.82,0.0,-29.81132075471652,10.0,10.0
9.963,9.963,8.39,7.43,13.584905660377615,11.509433962264348,10.0,10.0
10.017,10.017,8.96,7.43,10.555555555555507,0.0,10.0,10.0
10.069,10.069,8.96,6.71,0.0,-13.846153846153474,10.0,10.0
10.122,10.122,9.57,5.51,11.509433962264348,-22.641509433962675,10.0,10.0
10.175,10.175,9.57,6.68,0.0,22.075471698112864,10.0,10.0
10.229,10.229,10.22,6.68,12.03703703703738,0.0,10.0,10.0
10.281,10.281,10.22,5.62,0.0,-20.384615384614836,10.0,10.0
10.334,10.334,10.87,7.11,12.26415094339642,28.11320754717032,10.0,10.0
10.388,10.388,10.87,9.45,0.0,43.333333333333094,10.0,10.0
10.442,10.442,11.8,9.45,17.222222222222165,0.0,10.0,10.0
10.495,10.495,12.44,10.45,12.075471698113402,18.867924528302225,10.0,10.0
10.548,10.548,12.44,11.46,0.0,19.056603773584637,10.0,10.0
10.601,10.601,13.01,12.06,10.754716981131914,11.32075471698095,10.0,10.0
10.655,10.655,13.01,13.78,0.0,31.851851851852718,10.0,10.0
10.707,10.707,13.91,15.95,17.307692307691855,41.730769230768125,10.0,10.0
10.76,10.76,13.91,15.39,0.0,-10.566037735849223,10.0,10.0
10.813,10.813,13.91,15.39,0.0,0.0,10.0,10.0
10.867,10.867,14.55,18.22,11.851851851851803,52.40740740740711,10.0,10.0
10.92,10.92,15.16,18.22,11.509433962264348,0.0,10.0,10.0
10.973,10.973,15.16,15.71,0.0,-47.35849056603696,10.0,10.0
11.027,11.027,15.96,14.85,14.814814814815241,-15.925925925926393,10.0,10.0
11.081,11.081,16.67,15.79,13.148148148148099,17.407407407407312,10.0,10.0
11.134,11.134,16.67,15.79,0.0,0.0,10.0,10.0
11.187,11.187,17.41,14.47,13.962264150943618,-24.90566037735891,10.0,10.0
11.24,11.24,17.41,15.94,0.0,27.73584905660332,10.0,10.0
11.294,11.294,18.24,17.96,15.370370370370262,37.40740740740725,10.0,10.0
11.346,11.346,18.24,17.96,0.0,0.0,10.0,10.0
11.4,11.4,18.77,18.79,9.814814814814786,15.370370370370262,10.0,10.0
11.453,11.453,18.77,19.97,0.0,22.264150943396622,10.0,10.0
11.507,11.507,19.67,20.68,16.66666666666662,13.148148148148099,10.0,10.0
11.56,11.56,19.67,22.27,0.0,29.99999999999953,10.0,10.0
11.614,11.614,20.42,24.19,13.88888888888882,35.55555555555541,10.0,10.0
11.667,11.667,20.42,24.19,0.0,0.0,10.0,10.0
11.721,11.721,20.42,24.19,0.0,0.0,10.0,10.0
11.774,11.774,21.25,25.95,15.660377358490814,33.20754716981188,10.0,10.0
11.827,11.827,21.98,25.95,13.77358490566017,0.0,10.0,10.0
11.879,11.879,21.98,23.38,0.0,-49.4230769230773,10.0,10.0
11.933,11.933,22.66,21.6,12.592592592592524,-32.962962962962756,10.0,10.0
11.987,11.987,23.16,23.1,9.259259259259213,27.77777777777764,10.0,10.0
12.04,12.04,23.16,25.27,0.0,40.94339622641579,10.0,10.0
12.093,12.093,23.66,25.27,9.433962264150797,0.0,10.0,10.0
12.146,12.146,23.66,26.41,0.0,21.509433962263827,10.0,10.0
12.199,12.199,24.24,27.42,10.943396226415258,19.056603773585277,10.0,10.0
12.252,12.252,24.78,28.05,10.188679245282911,11.886792452829985,10.0,10.0
12.306,12.306,24.78,30.03,0.0,36.666666666667695,10.0,10.0
12.359,12.359,25.73,32.2,17.9245283018865,40.94339622641449,10.0,10.0
12.412,12.412,25.73,31.24,0.0,-18.113207547169612,10.0,10.0
12.465,12.465,25.73,30.7,0.0,-10.188679245283186,10.0,10.0
12.518,12.518,26.57,32.47,15.849056603773336,33.396226415093814,10.0,10.0
12.572,12.572,27.36,32.47,14.629629629630022,0.0,10.0,10.0
12.625,12.625,27.36,31.12,0.0,-25.47169811320711,10.0,10.0
12.677,12.677,27.36,29.51,0.0,-30.961538461538687,10.0,10.0
12.73,12.73,28.01,30.81,12.264150943396077,24.52830188679202,10.0,10.0
12.784,12.784,28.01,31.43,0.0,11.481481481481442,10.0,10.0
12.837,12.837,28.01,30.07,0.0,-25.660377358491015,10.0,10.0
12.89,12.89,28.71,31.47,13.207547169811102,26.415094339622204,10.0,10.0
12.943,12.943,28.71,34.0,0.0,47.73584905660465,10.0,10.0
12.997,12.997,29.26,34.72,10.185185185185148,13.333333333333245,10.0,10.0
13.05,13.05,29.26,34.72,0.0,0.0,10.0,10.0
13.103,13.103,29.26,35.73,0.0,19.05660377358521,10.0,10.0
13.156,13.156,30.25,35.73,18.67924528301855,0.0,10.0,10.0
13.21,13.21,30.25,38.2,0.0,45.74074074074062,10.0,10.0
13.263,13.263,30.96,40.85,13.396226415094596,50.000000000000874,10.0,10.0
13.317,13.317,30.96,40.15,0.0,-12.962962962962951,10.0,10.0
13.37,13.37,31.59,38.5,11.886792452830383,-31.132075471698645,10.0,10.0
13.423,13.423,31.59,38.5,0.0,0.0,10.0,10.0
13.476,13.476,32.49,39.12,16.981132075471475,11.698113207546939,10.0,10.0
13.529,13.529,32.49,37.65,0.0,-27.735849056604252,10.0,10.0
13.582,13.582,32.49,36.03,0.0,-30.566037735848532,10.0,10.0
13.637,13.637,33.07,37.53,10.545454545454568,27.272727272727412,10.0,10.0
13.69,13.69,33.07,39.86,0.0,43.96226415094415,10.0,10.0
13.743,13.743,33.07,40.44,0.0,10.943396226414892,10.0,10.0
13.796,13.796,33.07,40.44,0.0,0.0,10.0,10.0
13.849,13.849,33.78,41.67,13.396226415094148,23.207547169811036,10.0,10.0
13.902,13.902,34.38,41.67,11.320754716981362,0.0,10.0,10.0
13.955,13.955,34.38,43.87,0.0,41.50943396226342,10.0,10.0
14.008,14.008,34.91,46.24,10.000000000000068,44.71698113207636,10.0,10.0
14.064,14.064,34.91,45.74,0.0,-8.92857142857128,10.0,10.0
14.116,14.116,34.91,45.18,0.0,-10.769230769230896,10.0,10.0
14.169,14.169,35.71,46.62,15.094339622641355,27.169811320754253,10.0,10.0
14.222,14.222,35.71,46.62,0.0,0.0,10.0,10.0
14.276,14.276,36.23,43.97,9.629629629629507,-49.0740740740738,10.0,10.0
14.329,14.329,36.23,42.23,0.0,-32.83018867924481,10.0,10.0
14.382,14.382,36.8,43.68,10.754716981132274,27.35849056603828,10.0,10.0
14.436,14.436,36.8,45.07,0.0,25.740740740740623,10.0,10.0
14.49,14.49,36.8,44.56,0.0,-9.444444444444361,10.0,10.0
14.542,14.542,36.8,47.15,0.0,49.80769230769262,10.0,10.0
14.595,14.595,37.31,51.11,9.62264150943391,74.71698113207432,10.0,10.0
14.648,14.648,37.31,51.11,0.0,0.0,10.0,10.0
14.702,14.702,37.31,49.92,0.0,-22.037037037036885,10.0,10.0
14.755,14.755,37.31,51.33,0.0,26.60377358490518,10.0,10.0
14.808,14.808,38.19,51.33,16.603773584905873,0.0,10.0,10.0
14.86,14.86,38.19,50.68,0.0,-12.500000000000068,10.0,10.0
14.913,14.913,38.19,52.25,0.0,29.622641509433507,10.0,10.0
14.967,14.967,38.98,52.25,14.629629629629541,0.0,10.0,10.0
15.02,15.02,38.98,52.25,0.0,0.0,10.0,10.0
15.073,15.073,38.98,53.23,0.0,18.4905660377355,10.0,10.0
15.126,15.126,39.73,53.23,14.150943396226669,0.0,10.0,10.0
15.18,15.18,39.73,51.0,0.0,-41.296296296296035,10.0,10.0
15.235,15.235,39.73,50.07,0.0,-16.90909090909099,10.0,10.0
15.287,15.287,40.54,51.03,15.576923076922707,18.461538461537987,10.0,10.0
15.34,15.34,40.54,51.03,0.0,0.0,10.0,10.0
15.394,15.394,40.54,49.22,0.0,-33.51851851851839,10.0,10.0
15.447,15.447,40.54,51.3,0.0,39.2452830188686,10.0,10.0
15.5,15.5,40.54,54.52,0.0,60.754716981131246,10.0,10.0
15.553,15.553,41.17,54.52,11.886792452830052,0.0,10.0,10.0
15.607,15.607,41.17,55.39,0.0,16.111111111111512,10.0,10.0
15.659,15.659,41.17,58.11,0.0,52.3076923076909,10.0,-10.0
15.712,15.712,41.83,57.34,12.452830188679405,-14.528301886792638,10.0,-10.0
15.766,15.766,41.83,55.31,0.0,-37.592592592592425,10.0,-10.0
15.82,15.82,42.54,55.31,13.148148148148099,0.0,10.0,-10.0
15.872,15.872,43.1,55.99,10.769230769230896,13.07692307692317,10.0,-10.0
15.925,15.925,43.64,53.4,10.188679245282845,-48.86792452830119,10.0,-10.0
15.978,15.978,43.64,50.01,0.0,-63.962264150944556,10.0,-10.0
16.032,16.032,44.34,49.23,12.962962962962951,-14.444444444444393,10.0,-10.0
16.085,16.085,44.34,49.23,0.0,0.0,10.0,-10.0
16.138,16.138,45.51,49.23,22.07547169811276,0.0,10.0,-10.0
16.191,16.191,46.14,50.82,11.886792452830848,30.00000000000161,10.0,-10.0
16.245,16.245,46.7,50.82,10.37037037037002,0.0,10.0,-10.0
16.298,16.298,47.35,50.04,12.264150943396832,-14.716981132076251,10.0,-10.0
16.351,16.351,47.96,48.94,11.50943396226396,-20.75471698113178,10.0,-10.0
16.404,16.404,47.96,47.4,0.0,-29.05660377358444,10.0,-10.0
16.458,16.458,48.78,46.07,15.185185185185613,-24.629629629630283,10.0,-10.0
16.511,16.511,48.78,46.57,0.0,9.433962264150797,10.0,-10.0
16.567,16.567,49.48,48.32,12.499999999999714,31.249999999999478,10.0,-10.0
16.62,16.62,49.48,48.32,0.0,0.0,10.0,-10.0
16.674,16.674,50.34,46.83,15.92592592592649,-27.592592592593398,10.0,-10.0
16.728,16.728,50.94,46.83,11.111111111110585,0.0,10.0,-10.0
16.781,16.781,50.94,44.8,0.0,-38.30188679245482,10.0,-10.0
16.836,16.836,51.7,42.59,13.818181818181982,-40.18181818181827,10.0,-10.0
16.89,16.89,51.7,43.16,0.0,10.55555555555503,10.0,-10.0
16.944,16.944,52.41,42.59,13.1481481481484,-10.555555555555724,10.0,-10.0
16.998,16.998,52.93,40.64,9.629629629629322,-36.11111111110979,10.0,-10.0
17.052,17.052,52.93,39.44,0.0,-22.222222222222896,10.0,-10.0
17.106,17.106,53.78,39.44,15.74074074074017,0.0,10.0,-10.0
17.161,17.161,54.3,40.83,9.454545454545432,25.272727272727412,10.0,-10.0
17.214,17.214,54.3,40.83,0.0,0.0,10.0,-10.0
17.268,17.268,55.09,38.87,14.629629629629191,-36.29629629629493,10.0,-10.0
17.321,17.321,55.09,36.72,0.0,-40.5660377358484,10.0,-10.0
17.375,17.375,56.09,34.64,18.518518518519034,-38.51851851851956,10.0,-10.0
17.427,17.427,56.85,34.64,14.61538461538469,0.0,10.0,-10.0
17.484,17.484,56.85,35.66,0.0,17.894736842104514,10.0,-10.0
17.538,17.538,57.7,35.66,15.740740740741206,0.0,10.0,-10.0
17.592,17.592,57.7,35.02,0.0,-11.85185185185206,10.0,-10.0
17.644,17.644,58.36,34.24,12.692307692307724,-15.000000000000137,10.0,-10.0
17.7,17.7,58.36,32.54,0.0,-30.3571428571424,10.0,-10.0
17.754,17.754,59.39,31.15,19.074074074073373,-25.740740740739774,10.0,-10.0
17.807,17.807,59.39,30.08,0.0,-20.188679245284064,10.0,-10.0
17.862,17.862,59.94,27.83,10.0,-40.90909090909112,10.0,-10.0
17.916,17.916,59.94,27.09,0.0,-13.703703703703155,10.0,-10.0
17.968,17.968,60.68,28.01,14.230769230769377,17.69230769230786,10.0,-10.0
18.022,18.022,60.68,26.83,0.0,-21.851851851852523,10.0,-10.0
18.078,18.078,61.37,25.56,12.321428571428324,-22.67857142857104,10.0,-10.0
18.132,18.132,61.37,25.56,0.0,0.0,10.0,-10.0
18.185,18.185,61.94,24.0,10.754716981132635,-29.433962264152434,10.0,-10.0
18.237,18.237,61.94,22.19,0.0,-34.80769230769255,10.0,-10.0
18.292,18.292,62.98,20.34,18.90909090908977,-33.636363636361665,10.0,-10.0
18.345,18.345,62.98,18.36,0.0,-37.35849056603967,10.0,-10.0
18.398,18.398,63.65,15.82,12.6415094339621,-47.92452830188603,10.0,-10.0
18.451,18.451,63.65,13.99,0.0,-34.528301886791915,10.0,-10.0
18.505,18.505,64.58,13.99,17.222222222222697,0.0,10.0,-10.0
18.558,18.558,64.58,14.61,0.0,11.698113207546973,10.0,-10.0
18.613,18.613,65.08,13.36,9.090909090909138,-22.727272727272844,10.0,-10.0
18.668,18.668,65.08,11.6,0.0,-32.00000000000016,10.0,-10.0
18.722,18.722,65.83,9.86,13.888888888888362,-32.222222222221006,10.0,-10.0
18.776,18.776,65.83,8.25,0.0,-29.814814814815637,10.0,-10.0
18.829,18.829,66.64,7.5,15.283018867924334,-14.150943396226195,10.0,-10.0
18.884,18.884,66.64,7.5,0.0,0.0,10.0,-10.0
18.938,18.938,66.64,7.5,0.0,0.0,10.0,-10.0
18.991,18.991,67.21,5.13,10.754716981131779,-44.71698113207478,10.0,-10.0
19.044,19.044,67.21,3.87,0.0,-23.773584905660005,10.0,-10.0
19.098,19.098,67.21,2.18,0.0,-31.296296296297168,10.0,-10.0
19.151,19.151,67.9,1.1,13.018867924528324,-20.377358490565722,10.0,-10.0
19.205,19.205,67.9,1.1,0.0,0.0,10.0,-10.0
19.257,19.257,67.9,-1.63,0.0,-52.49999999999682,10.0,-10.0
19.312,19.312,68.48,-3.96,10.545454545454568,-42.36363636363659,10.0,-10.0
19.365,19.365,68.48,-5.03,0.0,-20.188679245284064,10.0,-10.0
19.418,19.418,69.22,-5.55,13.962264150943083,-9.81132075471682,10.0,-10.0
19.471,19.471,69.22,-6.82,0.0,-23.96226415094303,10.0,-10.0
19.525,19.525,69.22,-9.07,0.0,-41.66666666666783,10.0,-10.0
19.578,19.578,69.22,-9.07,0.0,0.0,10.0,-10.0
19.631,19.631,69.22,-7.9,0.0,22.075471698112864,10.0,-10.0
19.684,19.684,69.22,-9.92,0.0,-38.11320754716921,10.0,-10.0
19.738,19.738,69.22,-12.18,0.0,-41.85185185185301,10.0,-10.0
19.795,19.795,69.22,-13.04,0.0,-15.087719298245032,10.0,-10.0
19.852,19.852,70.09,-15.12,15.263157894737295,-36.491228070176334,10.0,-10.0
19.961,19.961,70.09,-16.98,0.0,-17.06422018348653,10.0,-10.0
20.015,20.015,70.09,-16.98,0.0,0.0,10.0,-10.0
20.069,20.069,70.09,-18.01,0.0,-19.074074074074627,10.0,-10.0
20.125,20.125,70.09,-18.01,0.0,0.0,10.0,-10.0
20.178,20.178,70.09,-19.01,0.0,-18.867924528301593,10.0,-10.0
20.232,20.232,70.09,-20.57,0.0,-28.88888888888967,10.0,-10.0
20.285,20.285,70.09,-23.26,0.0,-50.75471698113131,10.0,-10.0
20.339,20.339,70.09,-26.86,0.0,-66.66666666666849,10.0,-10.0
20.393,20.393,70.09,-28.73,0.0,-34.62962962962833,10.0,-10.0
20.449,20.449,70.09,-29.43,0.0,-12.499999999999778,10.0,-10.0
20.502,20.502,70.09,-28.72,0.0,13.396226415095045,10.0,-10.0
20.557,20.557,70.09,-27.56,0.0,21.090909090909204,10.0,-10.0
20.612,20.612,70.09,-28.3,0.0,-13.45454545454556,10.0,-10.0
20.667,20.667,70.09,-30.85,0.0,-46.363636363633624,10.0,-10.0
20.724,20.724,70.09,-32.84,0.0,-34.91228070175527,10.0,-10.0
20.777,20.777,70.09,-32.84,0.0,0.0,10.0,-10.0
20.832,20.832,70.09,-34.77,0.0,-35.090909090909264,10.0,-10.0
20.886,20.886,70.09,-36.53,0.0,-32.59259259259346,10.0,-10.0
20.941,20.941,70.09,-37.26,0.0,-13.272727272727284,10.0,-10.0
20.995,20.995,70.09,-37.26,0.0,0.0,10.0,-10.0
21.051,21.051,70.09,-37.26,0.0,0.0,10.0,-10.0
21.105,21.105,70.09,-39.23,0.0,-36.48148148148008,10.0,-10.0
21.158,21.158,70.09,-39.23,0.0,0.0,10.0,-10.0
21.212,21.212,70.09,-39.23,0.0,0.0,10.0,-10.0
21.268,21.268,70.09,-41.03,0.0,-32.142857142856684,10.0,-10.0
21.324,21.324,70.09,-42.26,0.0,-21.96428571428529,10.0,-10.0
21.378,21.378,70.09,-43.45,0.0,-22.03703703703774,10.0,-10.0
21.432,21.432,70.09,-44.82,0.0,-25.37037037037103,10.0,-10.0
21.49,21.49,69.45,-45.36,-11.034482758620731,-9.310344827586219,10.0,-10.0
21.543,21.543,69.45,-46.39,0.0,-19.43396226415066,10.0,-10.0
21.597,21.597,69.45,-48.26,0.0,-34.62962962962827,10.0,-10.0
21.653,21.653,69.45,-48.26,0.0,0.0,10.0,-10.0
21.707,21.707,69.45,-48.26,0.0,0.0,10.0,-10.0
21.761,21.761,69.45,-48.26,0.0,0.0,10.0,-10.0
21.817,21.817,69.45,-49.18,0.0,-16.428571428571185,10.0,-10.0
21.871,21.871,68.78,-49.18,-12.407407407407785,0.0,10.0,-10.0
21.925,21.925,68.78,-51.34,0.0,-39.99999999999855,10.0,-10.0
21.98,21.98,68.21,-53.27,-10.363636363636552,-35.090909090909264,10.0,-10.0
22.033,22.033,68.21,-53.96,0.0,-13.018867924528056,10.0,-10.0
22.09,22.09,68.21,-53.96,0.0,0.0,10.0,-10.0
22.143,22.143,68.21,-53.96,0.0,0.0,10.0,-10.0
22.198,22.198,68.21,-52.47,0.0,27.090909090909268,10.0,-10.0
22.256,22.256,68.21,-52.47,0.0,0.0,10.0,-10.0
22.309,22.309,67.66,-53.53,-10.377358490565824,-19.999999999999734,10.0,-10.0
22.365,22.365,67.66,-53.53,0.0,0.0,10.0,-10.0
22.418,22.418,67.66,-55.18,0.0,-31.1320754716976,10.0,-10.0
22.473,22.473,67.66,-56.44,0.0,-22.90909090909099,10.0,-10.0
22.53,22.53,67.66,-56.44,0.0,0.0,10.0,-10.0
22.583,22.583,67.66,-58.1,0.0,-31.320754716982815,10.0,-10.0
22.642,22.642,67.66,-59.59,0.0,-25.254237288135176,10.0,-10.0
22.697,22.697,67.66,-59.59,0.0,0.0,10.0,-10.0
22.75,22.75,67.66,-59.59,0.0,0.0,10.0,-10.0
22.804,22.804,67.66,-59.59,0.0,0.0,10.0,-10.0
22.86,22.86,67.66,-59.59,0.0,0.0,10.0,-10.0
22.915,22.915,67.66,-60.3,0.0,-12.909090909090862,10.0,-10.0
22.972,22.972,67.66,-60.98,0.0,-11.929824561403052,10.0,-10.0
23.029,23.029,67.66,-61.87,0.0,-15.61403508771969,10.0,-10.0
23.083,23.083,67.66,-63.98,0.0,-39.074074074075156,10.0,-10.0
23.136,23.136,67.66,-65.43,0.0,-27.3584905660375,10.0,-10.0
23.188,23.188,67.66,-65.43,0.0,0.0,10.0,-10.0
23.243,23.243,67.66,-64.9,0.0,9.636363636363706,10.0,-10.0
23.296,23.296,67.66,-63.46,0.0,27.169811320754384,10.0,-10.0
23.35,23.35,67.66,-63.46,0.0,0.0,10.0,-10.0
23.404,23.404,67.66,-65.4,0.0,-35.92592592592702,10.0,-10.0
23.458,23.458,67.66,-66.99,0.0,-29.444444444445065,10.0,-10.0
23.514,23.514,67.66,-66.99,0.0,0.0,10.0,-10.0
23.569,23.569,67.66,-66.99,0.0,0.0,10.0,-10.0
23.623,23.623,67.66,-66.99,0.0,0.0,10.0,-10.0
23.678,23.678,67.66,-65.38,0.0,29.272727272727412,10.0,-10.0
23.734,23.734,67.66,-65.38,0.0,0.0,10.0,-10.0
23.79,23.79,67.66,-67.15,0.0,-31.607142857144517,10.0,-10.0
23.846,23.846,67.66,-67.93,0.0,-13.928571428571216,10.0,-10.0
23.957,23.957,67.66,-69.59,0.0,-14.954954954954836,10.0,-10.0
24.012,24.012,67.66,-69.59,0.0,0.0,10.0,-10.0
24.065,24.065,67.66,-70.79,0.0,-22.641509433961964,10.0,-10.0
24.118,24.118,67.66,-71.5,0.0,-13.396226415094912,10.0,-10.0
24.171,24.171,67.66,-70.91,0.0,11.132075471698004,10.0,-10.0
24.225,24.225,67.66,-71.73,0.0,-15.185185185184746,10.0,-10.0
24.278,24.278,67.66,-73.24,0.0,-28.490566037737143,10.0,-10.0
24.331,24.331,67.66,-73.78,0.0,-10.188679245282978,10.0,-10.0
24.385,24.385,67.66,-73.78,0.0,0.0,10.0,-10.0
24.441,24.441,67.66,-73.78,0.0,0.0,10.0,-10.0
24.496,24.496,67.66,-75.62,0.0,-33.45454545454569,10.0,-10.0
24.552,24.552,67.66,-75.62,0.0,0.0,10.0,-10.0
24.606,24.606,67.66,-74.93,0.0,12.777777777777251,10.0,-10.0
24.66,24.66,67.66,-74.93,0.0,0.0,10.0,-10.0
24.716,24.716,67.66,-74.93,0.0,0.0,10.0,-10.0
24.77,24.77,67.66,-73.16,0.0,32.77777777777888,10.0,-10.0
24.828,24.828,67.66,-73.16,0.0,0.0,10.0,-10.0
24.884,24.884,67.66,-73.16,0.0,0.0,10.0,-10.0
24.937,24.937,67.66,-73.16,0.0,0.0,10.0,-10.0
24.991,24.991,67.66,-74.33,0.0,-21.666666666667304,10.0,-10.0
25.044,25.044,67.66,-75.27,0.0,-17.735849056603456,10.0,-10.0
25.102,25.102,67.66,-75.27,0.0,0.0,10.0,-10.0
25.158,25.158,67.66,-76.71,0.0,-25.714285714285243,10.0,-10.0
25.211,25.211,67.66,-76.71,0.0,0.0,10.0,-10.0
25.265,25.265,67.66,-76.71,0.0,0.0,10.0,-10.0
25.318,25.318,67.66,-77.71,0.0,-18.867924528301593,10.0,-10.0
25.373,25.373,67.66,-78.93,0.0,-22.181818181818535,10.0,-10.0
25.428,25.428,67.66,-78.93,0.0,0.0,10.0,-10.0
25.482,25.482,67.66,-78.93,0.0,0.0,10.0,-10.0
25.536,25.536,67.66,-78.93,0.0,0.0,10.0,-10.0
25.593,25.593,67.66,-78.11,0.0,14.385964912281183,10.0,-10.0
25.652,25.652,67.66,-78.62,0.0,-8.644067796610102,-10.0,-10.0
25.708,25.708,67.66,-79.48,0.0,-15.357142857143565,-10.0,-10.0
25.767,25.767,67.66,-79.48,0.0,0.0,-10.0,-10.0
25.822,25.822,67.07,-80.04,-10.727272727272844,-10.181818181818276,-10.0,-10.0
25.882,25.882,67.07,-80.04,0.0,0.0,-10.0,-10.0
25.94,25.94,66.28,-80.04,-13.620689655172317,0.0,-10.0,-10.0
25.995,25.995,66.28,-81.09,0.0,-19.090909090909136,-10.0,-10.0
26.053,26.053,65.43,-82.05,-14.655172413793048,-16.551724137930975,-10.0,-10.0
26.109,26.109,64.68,-83.73,-13.392857142856919,-29.99999999999962,-10.0,-10.0
26.166,26.166,64.14,-85.44,-9.473684210526656,-30.00000000000062,-10.0,-10.0
26.224,26.224,64.14,-84.72,0.0,12.413793103448294,-10.0,-10.0
26.282,26.282,63.09,-83.29,-18.103448275862075,24.65517241379305,-10.0,-10.0
26.341,26.341,62.15,-83.82,-15.932203389830306,-8.983050847457246,-10.0,-10.0
26.397,26.397,61.38,-84.98,-13.75000000000057,-20.714285714286873,-10.0,-10.0
26.453,26.453,60.75,-84.98,-11.249999999999858,0.0,-10.0,-10.0
26.511,26.511,60.75,-86.09,0.0,-19.137931034482804,-10.0,-10.0
26.57,26.57,60.12,-86.95,-10.677966101694768,-14.576271186440408,-10.0,-10.0
26.625,26.625,60.12,-86.25,0.0,12.727272727272844,-10.0,-10.0
26.683,26.683,59.41,-85.32,-12.241379310344879,16.034482758620854,-10.0,-10.0
26.742,26.742,58.75,-85.32,-11.186440677965845,0.0,-10.0,-10.0
26.798,26.798,58.2,-86.74,-9.82142857142898,-25.357142857144073,-10.0,-10.0
26.854,26.854,57.33,-87.42,-15.535714285714107,-12.14285714285706,-10.0,-10.0
26.914,26.914,56.46,-87.42,-14.499999999999408,0.0,-10.0,-10.0
26.969,26.969,55.94,-86.85,-9.45454545454556,10.363636363636552,-10.0,-10.0
27.026,27.026,55.94,-86.85,0.0,0.0,-10.0,-10.0
27.086,27.086,54.83,-88.29,-18.500000000000384,-24.00000000000071,-10.0,-10.0
27.141,27.141,53.97,-90.72,-15.636363636363706,-44.18181818181827,-10.0,-10.0
27.201,27.201,53.04,-91.43,-15.499999999999408,-11.833333333333018,-10.0,-10.0
27.259,27.259,53.04,-90.69,0.0,12.758620689655366,-10.0,-10.0
27.319,27.319,53.04,-90.69,0.0,0.0,-10.0,-10.0
27.374,27.374,52.18,-91.34,-15.636363636363706,-11.818181818181982,-10.0,-10.0
27.432,27.432,51.28,-91.86,-15.517241379310367,-8.965517241379269,-10.0,-10.0
27.49,27.49,50.5,-92.57,-13.448275862069025,-12.241379310344756,-10.0,-10.0
27.547,27.547,50.5,-91.93,0.0,11.228070175437932,-10.0,-10.0
27.603,27.603,49.27,-90.44,-21.96428571428529,26.607142857142573,-10.0,-10.0
27.662,27.662,48.31,-90.44,-16.27118644067867,0.0,-10.0,-10.0
27.72,27.72,47.47,-90.44,-14.482758620689756,0.0,-10.0,-10.0
27.776,27.776,46.68,-90.44,-14.107142857142605,0.0,-10.0,-10.0
27.833,27.833,46.12,-91.69,-9.824561403509051,-21.929824561404043,-10.0,-10.0
27.893,27.893,46.12,-93.15,0.0,-24.333333333332543,-10.0,-10.0
27.949,27.949,45.4,-91.84,-12.857142857142621,23.39285714285679,-10.0,-10.0
28.004,28.004,44.58,-91.84,-14.909090909090992,0.0,-10.0,-10.0
28.065,28.065,43.77,-93.06,-13.278688524590097,-20.0,-10.0,-10.0
28.12,28.12,43.07,-94.5,-12.727272727272844,-26.181818181818276,-10.0,-10.0
28.177,28.177,41.95,-94.5,-19.649122807017978,0.0,-10.0,-10.0
28.237,28.237,40.79,-94.5,-19.333333333333808,0.0,-10.0,-10.0
28.292,28.292,39.81,-93.87,-17.8181818181807,11.454545454544691,-10.0,-10.0
28.349,28.349,38.77,-93.87,-18.24561403508815,0.0,-10.0,-10.0
28.408,28.408,38.01,-95.09,-12.881355932203247,-20.677966101694526,-10.0,-10.0
28.464,28.464,37.39,-94.55,-11.071428571429042,9.642857142857705,-10.0,-10.0
28.52,28.52,36.52,-93.44,-15.53571428571398,19.82142857142823,-10.0,-10.0
28.581,28.581,35.67,-94.11,-13.934426229508233,-10.983606557377087,-10.0,-10.0
28.636,28.636,35.01,-95.96,-12.00000000000013,-33.636363636363704,-10.0,-10.0
28.692,28.692,34.25,-97.49,-13.571428571428308,-27.321428571428132,-10.0,-10.0
28.753,28.753,33.04,-96.48,-19.836065573770526,16.557377049180193,-10.0,-10.0
28.813,28.813,31.71,-94.69,-22.166666666667112,29.833333333334075,-10.0,-10.0
28.869,28.869,30.48,-95.68,-21.964285714285353,-17.678571428571296,-10.0,-10.0
28.926,28.926,29.23,-97.22,-21.929824561404043,-27.017543859649642,-10.0,-10.0
28.986,28.986,28.18,-97.22,-17.49999999999935,0.0,-10.0,-10.0
29.041,29.041,27.4,-97.22,-14.181818181818276,0.0,-10.0,-10.0
29.099,29.099,26.65,-97.22,-12.931034482758658,0.0,-10.0,-10.0
29.157,29.157,25.55,-95.31,-18.96551724137933,32.93103448275866,-10.0,-10.0
29.213,29.213,24.35,-95.31,-21.428571428571058,0.0,-10.0,-10.0
29.27,29.27,23.21,-96.79,-20.000000000000497,-25.964912280702457,-10.0,-10.0
29.33,29.33,21.79,-98.72,-23.6666666666672,-32.16666666666723,-10.0,-10.0
29.389,29.389,20.36,-98.72,-24.237288135592784,0.0,-10.0,-10.0
29.446,29.446,19.13,-99.5,-21.57894736842024,-13.68421052631529,-10.0,-10.0
29.506,29.506,17.87,-100.52,-21.000000000000416,-17.000000000000295,-10.0,-10.0
29.566,29.566,16.65,-100.52,-20.333333333333808,0.0,-10.0,-10.0
29.621,29.621,15.84,-99.03,-14.72727272727278,27.090909090909136,-10.0,-10.0
29.681,29.681,15.84,-98.52,0.0,8.499999999999764,-10.0,-10.0
29.74,29.74,15.15,-97.21,-11.694915254237776,22.203389830509455,-10.0,-10.0
29.794,29.794,14.34,-95.92,-14.99999999999944,23.888888888887838,-10.0,-10.0
29.852,29.852,13.2,-96.77,-19.65517241379317,-14.655172413793048,-10.0,-10.0
29.911,29.911,12.04,-98.78,-19.661016949152195,-34.06779661016897,-10.0,-10.0
29.969,29.969,10.78,-101.47,-21.724137931034544,-46.37931034482769,-10.0,-10.0
30.029,30.029,9.46,-102.68,-22.000000000000444,-20.16666666666723,-10.0,-10.0
30.086,30.086,8.57,-100.81,-15.61403508771969,32.80701754386053,-10.0,-10.0
30.142,30.142,8.57,-98.77,0.0,36.42857142857093,-10.0,-10.0
30.197,30.197,8.57,-97.65,0.0,20.363636363636292,-10.0,-10.0
30.254,30.254,8.57,-97.65,0.0,0.0,-10.0,-10.0
30.31,30.31,7.15,-97.65,-25.35714285714404,0.0,-10.0,-10.0
30.368,30.368,6.15,-98.97,-17.24137931034488,-22.75862068965512,-10.0,-10.0
30.425,30.425,5.08,-99.68,-18.771929824560697,-12.456140350876861,-10.0,-10.0
30.478,30.478,3.72,-99.68,-25.660377358490166,0.0,-10.0,-10.0
30.536,30.536,2.58,-99.68,-19.655172413793164,0.0,-10.0,-10.0
30.593,30.593,1.68,-99.68,-15.789473684210915,0.0,-10.0,-10.0
30.646,30.646,0.79,-99.68,-16.792452830188417,0.0,-10.0,-10.0
30.699,30.699,-0.2,-100.59,-18.679245283018577,-17.169811320754384,-10.0,-10.0
30.756,30.756,-1.27,-101.71,-18.771929824561862,-19.649122807017854,-10.0,-10.0
30.814,30.814,-2.02,-100.9,-12.931034482758658,13.965517241379146,-10.0,-10.0
30.87,30.87,-2.02,-99.19,0.0,30.535714285713915,-10.0,-10.0
30.928,30.928,-2.02,-99.19,0.0,0.0,-10.0,-10.0
30.986,30.986,-2.91,-100.49,-15.344827586206943,-22.413793103448292,-10.0,-10.0
31.044,31.044,-3.67,-100.49,-13.103448275862103,0.0,-10.0,-10.0
31.101,31.101,-3.67,-98.98,0.0,26.491228070175925,-10.0,-10.0
31.159,31.159,-4.41,-98.17,-12.758620689655213,13.965517241379391,-10.0,-10.0
31.216,31.216,-4.41,-97.16,0.0,17.719298245613455,-10.0,-10.0
31.273,31.273,-5.38,-96.65,-17.017543859649535,8.94736842105269,-10.0,-10.0
31.331,31.331,-5.38,-97.6,0.0,-16.379310344827438,-10.0,-10.0
31.388,31.388,-6.43,-98.53,-18.421052631578245,-16.31578947368371,-10.0,-10.0
31.444,31.444,-7.51,-100.09,-19.285714285715187,-27.857142857144197,-10.0,-10.0
31.505,31.505,-8.6,-101.27,-17.86885245901641,-19.344262295081865,-10.0,-10.0
31.564,31.564,-9.22,-99.88,-10.508474576271016,23.559322033897896,-10.0,-10.0
31.621,31.621,-9.22,-97.24,0.0,46.31578947368535,-10.0,-10.0
31.679,31.679,-9.22,-96.21,0.0,17.758620689655245,-10.0,-10.0
31.738,31.738,-10.12,-97.93,-15.254237288135297,-29.152542372881058,-10.0,-10.0
31.798,31.798,-10.96,-99.22,-14.000000000000325,-21.500000000000327,-10.0,-10.0
31.856,31.856,-11.85,-99.22,-15.34482758620598,0.0,-10.0,-10.0
31.912,31.912,-12.7,-98.35,-15.17857142857213,15.535714285715093,-10.0,-10.0
31.972,31.972,-13.65,-98.35,-15.833333333332751,0.0,-10.0,-10.0
32.031,32.031,-14.73,-98.35,-18.305084745763487,0.0,-10.0,-10.0
32.088,32.088,-15.52,-98.35,-13.859649122806477,0.0,-10.0,-10.0
32.144,32.144,-16.11,-98.35,-10.535714285714775,0.0,-10.0,-10.0
32.202,32.202,-16.8,-99.27,-11.896551724137987,-15.862068965517317,-10.0,-10.0
32.263,32.263,-17.45,-100.63,-10.65573770491802,-22.295081967213125,-10.0,-10.0
32.321,32.321,-18.04,-100.63,-10.172413793103475,0.0,-10.0,-10.0
32.381,32.381,-18.04,-98.96,0.0,27.833333333332305,-10.0,-10.0
32.439,32.439,-18.7,-98.96,-11.379310344827623,0.0,-10.0,-10.0
32.5,32.5,-18.7,-98.96,0.0,0.0,-10.0,-10.0
32.559,32.559,-18.7,-99.63,0.0,-11.35593220339034,-10.0,-10.0
32.617,32.617,-19.48,-97.9,-13.448275862069025,29.827586206896463,-10.0,-10.0
32.674,32.674,-20.04,-96.39,-9.824561403508378,26.491228070174525,-10.0,-10.0
32.731,32.731,-20.82,-96.39,-13.68421052631529,0.0,-10.0,-10.0
32.788,32.788,-21.61,-98.75,-13.859649122808205,-41.40350877193341,-10.0,-10.0
32.846,32.846,-22.28,-98.75,-11.551724137931098,0.0,-10.0,-10.0
32.904,32.904,-22.79,-97.15,-8.793103448274776,27.586206896548326,-10.0,-10.0
32.96,32.96,-22.79,-97.76,0.0,-10.892857142857642,-10.0,-10.0
33.018,33.018,-23.55,-98.35,-13.103448275862135,-10.172413793103292,-10.0,-10.0
33.074,33.074,-24.18,-98.35,-11.250000000000508,0.0,-10.0,-10.0
33.135,33.135,-25.04,-99.45,-14.098360655737709,-18.032786885246058,-10.0,-10.0
33.194,33.194,-25.97,-100.54,-15.762711864405544,-18.474576271185057,-10.0,-10.0
33.25,33.25,-26.95,-100.54,-17.500000000000824,0.0,-10.0,-10.0
33.308,33.308,-26.95,-99.52,0.0,17.586206896551953,-10.0,-10.0
33.368,33.368,-26.95,-97.91,0.0,26.833333333332305,-10.0,-10.0
33.428,33.428,-26.95,-97.04,0.0,14.500000000001007,-10.0,-10.0
33.484,33.484,-27.48,-97.04,-9.464285714284976,0.0,-10.0,-10.0
33.541,33.541,-28.19,-98.34,-12.45614035087829,-22.807017543861576,-10.0,-10.0
33.6,33.6,-28.72,-99.14,-8.983050847456886,-13.5593220338972,-10.0,-10.0
33.66,33.66,-29.55,-98.41,-13.833333333334478,12.166666666667712,-10.0,-10.0
33.718,33.718,-30.37,-97.9,-14.137931034481072,8.793103448274653,-10.0,-10.0
33.775,33.775,-30.94,-99.58,-10.000000000000872,-29.47368421052874,-10.0,-10.0
33.832,33.832,-31.49,-100.22,-9.649122807017129,-11.22807017543818,-10.0,-10.0
33.89,33.89,-32.24,-99.18,-12.93103448275872,17.931034482758538,-10.0,-10.0
33.947,33.947,-32.24,-98.24,0.0,16.491228070175023,-10.0,-10.0
34.004,34.004,-32.75,-96.93,-8.947368421053373,22.98245614035266,-10.0,-10.0
34.063,34.063,-32.75,-96.04,0.0,15.084745762710696,-10.0,-10.0
34.12,34.12,-33.83,-96.96,-18.947368421054247,-16.140350877194162,-10.0,-10.0
34.175,34.175,-34.66,-98.63,-15.090909090909138,-30.36363636363655,-10.0,-10.0
34.235,34.235,-35.65,-99.64,-16.499999999999407,-16.83333333333278,-10.0,-10.0
34.297,34.297,-36.22,-99.64,-9.193548387097133,0.0,-10.0,-10.0
34.352,34.352,-36.22,-98.98,0.0,12.0,-10.0,-10.0
34.409,34.409,-37.08,-98.98,-15.087719298245032,0.0,-10.0,-10.0
34.469,34.469,-37.88,-97.22,-13.333333333332899,29.333333333332305,-10.0,-10.0
34.525,34.525,-38.46,-95.59,-10.35714285714331,29.107142857144137,-10.0,-10.0
34.582,34.582,-39.11,-97.08,-11.403508771929367,-26.140350877191903,-10.0,-10.0
34.639,34.639,-39.87,-98.64,-13.333333333332794,-27.36842105263058,-10.0,-10.0
34.697,34.697,-40.41,-99.24,-9.310344827586219,-10.34482758620683,-10.0,-10.0
34.753,34.753,-40.41,-99.95,0.0,-12.678571428572162,-10.0,-10.0
34.812,34.812,-40.41,-98.39,0.0,26.440677966102854,-10.0,-10.0
34.871,34.871,-41.55,-96.2,-19.322033898303587,37.118644067793674,-10.0,-10.0
34.929,34.929,-42.42,-97.32,-15.000000000000123,-19.310344827586096,-10.0,-10.0
34.987,34.987,-42.42,-99.59,0.0,-39.13793103448305,-10.0,-10.0
35.043,35.043,-43.11,-99.59,-12.321428571429106,0.0,-10.0,-10.0
35.101,35.101,-43.11,-98.88,0.0,12.241379310345001,-10.0,-10.0
35.159,35.159,-44.12,-98.16,-17.413793103448292,12.413793103448294,-10.0,-10.0
35.216,35.216,-44.77,-97.4,-11.403508771929491,13.333333333332668,-10.0,-10.0
35.274,35.274,-45.57,-97.4,-13.793103448275854,0.0,-10.0,-10.0
35.333,35.333,-45.57,-97.4,0.0,0.0,-10.0,-10.0
35.392,35.392,-45.57,-97.4,0.0,0.0,-10.0,-10.0
35.45,35.45,-45.57,-98.18,0.0,-13.448275862069025,-10.0,-10.0
35.508,35.508,-46.47,-97.38,-15.517241379310367,13.7931034482761,-10.0,-10.0
35.567,35.567,-47.01,-96.09,-9.15254237288173,21.86440677966181,-10.0,-10.0
35.626,35.626,-47.54,-97.44,-8.983050847458028,-22.881355932204265,-10.0,10.0
35.682,35.682,-48.08,-98.9,-9.642857142856354,-26.071428571426623,-10.0,10.0
35.74,35.74,-48.08,-99.73,0.0,-14.310344827586219,-10.0,10.0
35.798,35.798,-48.08,-100.5,0.0,-13.275862068965488,-10.0,10.0
35.853,35.853,-48.08,-98.71,0.0,32.545454545454824,-10.0,10.0
35.908,35.908,-48.08,-94.65,0.0,73.81818181818198,-10.0,10.0
35.965,35.965,-48.08,-91.66,0.0,52.456140350875366,-10.0,10.0
36.022,36.022,-48.91,-92.32,-14.561403508773163,-11.578947368421998,-10.0,10.0
36.08,36.08,-48.91,-93.93,0.0,-27.75862068965549,-10.0,10.0
36.136,36.136,-48.91,-95.19,0.0,-22.499999999998032,-10.0,10.0
36.19,36.19,-48.91,-96.19,0.0,-18.518518518520253,-10.0,10.0
36.251,36.251,-49.73,-94.18,-13.44262295081969,32.95081967213103,-10.0,10.0
36.304,36.304,-49.73,-90.51,0.0,69.24528301886224,-10.0,10.0
36.362,36.362,-49.73,-88.43,0.0,35.86206896551732,-10.0,10.0
36.421,36.421,-49.73,-88.43,0.0,0.0,-10.0,10.0
36.477,36.477,-50.54,-87.51,-14.46428571428643,16.428571428572226,-10.0,10.0
36.534,36.534,-50.54,-85.67,0.0,32.2807017543848,-10.0,10.0
36.592,36.592,-49.9,-85.67,11.034482758620731,0.0,-10.0,10.0
36.649,36.649,-49.9,-86.43,0.0,-13.333333333332918,-10.0,10.0
36.705,36.705,-49.9,-86.43,0.0,0.0,-10.0,10.0
36.767,36.767,-50.6,-86.43,-11.290322580644348,0.0,-10.0,10.0
36.82,36.82,-51.14,-84.7,-10.188679245283527,32.64150943396402,-10.0,10.0
36.878,36.878,-51.67,-82.74,-9.137931034482806,33.7931034482761,-10.0,10.0
36.936,36.936,-51.67,-81.71,0.0,17.758620689655245,-10.0,10.0
36.992,36.992,-51.12,-81.71,9.821428571429106,0.0,-10.0,10.0
37.046,37.046,-51.12,-80.45,0.0,23.33333333333228,-10.0,10.0
37.104,37.104,-51.12,-80.45,0.0,0.0,-10.0,10.0
37.16,37.16,-51.12,-81.35,0.0,-16.07142857142917,-10.0,10.0
37.214,37.214,-51.93,-79.51,-14.999999999999474,34.074074074072584,-10.0,10.0
37.271,37.271,-52.62,-75.19,-12.105263157894239,75.78947368420778,-10.0,10.0
37.329,37.329,-52.62,-71.8,0.0,58.448275862069146,-10.0,10.0
37.385,37.385,-52.62,-71.8,0.0,0.0,-10.0,10.0
37.439,37.439,-52.62,-73.72,0.0,-35.55555555555424,-10.0,10.0
37.497,37.497,-53.21,-74.98,-10.172413793103537,-21.724137931034633,-10.0,10.0
37.554,37.554,-53.21,-75.99,0.0,-17.719298245613203,-10.0,10.0
37.61,37.61,-53.21,-74.11,0.0,33.571428571430054,-10.0,10.0
37.664,37.664,-53.21,-69.67,0.0,82.22222222221906,-10.0,10.0
37.719,37.719,-53.83,-66.26,-11.272727272727284,62.000000000000256,-10.0,10.0
37.775,37.775,-53.83,-66.26,0.0,0.0,-10.0,10.0
37.831,37.831,-54.67,-68.47,-14.999999999998858,-39.46428571428244,-10.0,10.0
37.884,37.884,-54.67,-68.47,0.0,0.0,-10.0,10.0
37.939,37.939,-55.23,-67.75,-10.181818181818146,13.090909090909138,-10.0,10.0
37.996,37.996,-55.23,-66.53,0.0,21.403508771928994,-10.0,10.0
38.054,38.054,-55.23,-66.53,0.0,0.0,-10.0,10.0
38.11,38.11,-55.23,-66.53,0.0,0.0,-10.0,10.0
38.167,38.167,-55.23,-65.22,0.0,22.982456140350045,-10.0,10.0
38.226,38.226,-55.23,-61.12,0.0,69.49152542373179,-10.0,10.0
38.282,38.282,-55.87,-57.67,-11.428571428571972,61.60714285714566,-10.0,10.0
38.342,38.342,-55.87,-57.67,0.0,0.0,-10.0,10.0
38.398,38.398,-55.87,-59.65,0.0,-35.35714285713997,-10.0,10.0
38.454,38.454,-56.44,-60.7,-10.178571428571908,-18.750000000000952,-10.0,10.0
38.508,38.508,-56.44,-61.41,0.0,-13.148148148147534,-10.0,10.0
38.566,38.566,-56.44,-59.17,0.0,38.62068965517244,-10.0,10.0
38.621,38.621,-56.44,-54.66,0.0,82.00000000000051,-10.0,10.0
38.675,38.675,-56.44,-51.44,0.0,59.6296296296352,-10.0,10.0
38.734,38.734,-56.94,-51.44,-8.474576271185779,0.0,-10.0,10.0
38.79,38.79,-57.48,-52.91,-9.642857142857578,-26.250000000001204,-10.0,10.0
38.847,38.847,-57.48,-53.93,0.0,-17.89473684210464,-10.0,10.0
38.907,38.907,-57.48,-54.59,0.0,-11.000000000000947,-10.0,10.0
38.964,38.964,-57.48,-52.36,0.0,39.12280701754245,-10.0,10.0
39.018,39.018,-57.48,-47.62,0.0,87.77777777777449,-10.0,10.0
39.074,39.074,-58.03,-43.94,-9.821428571429106,65.71428571428878,-10.0,10.0
39.131,39.131,-58.03,-43.94,0.0,0.0,-10.0,10.0
39.186,39.186,-58.91,-45.61,-16.0,-30.36363636363655,-10.0,10.0
39.243,39.243,-58.91,-45.61,0.0,0.0,-10.0,10.0
39.299,39.299,-58.91,-44.4,0.0,21.60714285714388,-10.0,10.0
39.354,39.354,-58.91,-43.13,0.0,23.090909090909136,-10.0,10.0
39.411,39.411,-58.91,-43.13,0.0,0.0,-10.0,10.0
39.467,39.467,-58.91,-44.18,0.0,-18.750000000000824,-10.0,10.0
39.524,39.524,-58.91,-42.27,0.0,33.50877192982323,-10.0,10.0
39.582,39.582,-58.91,-39.04,0.0,55.68965517241403,-10.0,10.0
39.639,39.639,-59.71,-37.42,-14.035087719297788,28.421052631577826,-10.0,10.0
39.695,39.695,-59.71,-36.77,0.0,11.607142857143375,-10.0,10.0
39.752,39.752,-59.71,-36.04,0.0,12.807017543859233,-10.0,10.0
39.808,39.808,-59.71,-36.58,0.0,-9.642857142857578,-10.0,10.0
39.863,39.863,-59.71,-37.63,0.0,-19.090909090909268,-10.0,10.0
39.922,39.922,-59.71,-35.59,0.0,34.57627118644213,-10.0,10.0
39.979,39.979,-60.53,-30.71,-14.385964912280162,85.6140350877161,-10.0,10.0
40.034,40.034,-60.53,-26.99,0.0,67.63636363636402,-10.0,10.0
40.089,40.089,-60.53,-27.53,0.0,-9.818181818181918,-10.0,10.0
40.149,40.149,-61.21,-29.19,-11.333333333332899,-27.66666666666562,-10.0,10.0
40.203,40.203,-61.21,-30.01,0.0,-15.185185185184615,-10.0,10.0
40.262,40.262,-61.21,-30.01,0.0,0.0,-10.0,10.0
40.32,40.32,-61.21,-28.37,0.0,28.275862068965612,-10.0,10.0
40.374,40.374,-62.11,-23.9,-16.666666666666007,82.77777777777469,-10.0,10.0
40.432,40.432,-62.11,-20.57,0.0,57.41379310344841,-10.0,10.0
40.486,40.486,-62.11,-21.11,0.0,-10.000000000000922,-10.0,10.0
40.542,40.542,-62.11,-22.5,0.0,-24.82142857142659,-10.0,10.0
40.596,40.596,-62.11,-22.5,0.0,0.0,-10.0,10.0
40.654,40.654,-62.11,-23.09,0.0,-10.17241379310223,-10.0,10.0
40.711,40.711,-61.44,-21.28,11.75438596491333,31.754385964915013,-10.0,10.0
40.767,40.767,-61.44,-17.51,0.0,67.32142857142317,-10.0,10.0
40.825,40.825,-62.37,-14.98,-16.034482758620733,43.62068965517256,-10.0,10.0
40.94,40.94,-62.37,-16.59,0.0,-14.000000000000618,-10.0,10.0
40.997,40.997,-62.37,-15.26,0.0,23.33333333333245,-10.0,10.0
41.055,41.055,-62.37,-13.84,0.0,24.482758620689726,-10.0,10.0
41.113,41.113,-63.06,-12.86,-11.89655172413805,16.89655172413799,-10.0,10.0
41.168,41.168,-63.06,-11.04,0.0,33.090909090909264,-10.0,10.0
41.225,41.225,-63.06,-9.79,0.0,21.92982456140268,-10.0,10.0
41.278,41.278,-63.06,-10.95,0.0,-21.88679245283132,-10.0,10.0
41.334,41.334,-63.57,-10.95,-9.107142857142092,0.0,-10.0,10.0
41.39,41.39,-63.57,-10.95,0.0,0.0,-10.0,10.0
41.447,41.447,-63.57,-10.95,0.0,0.0,-10.0,10.0
41.506,41.506,-62.93,-9.28,10.847457627119114,28.30508474576391,-10.0,10.0
41.562,41.562,-63.47,-6.13,-9.642857142857578,56.250000000002615,-10.0,10.0
41.616,41.616,-63.47,-4.72,0.0,26.111111111110123,-10.0,10.0
41.671,41.671,-63.47,-4.72,0.0,0.0,-10.0,10.0
41.726,41.726,-63.47,-3.74,0.0,17.818181818181902,-10.0,10.0
41.78,41.78,-63.47,-3.74,0.0,0.0,-10.0,10.0
41.838,41.838,-63.47,-3.74,0.0,0.0,-10.0,10.0
41.894,41.894,-63.47,-2.61,0.0,20.178571428572376,-10.0,10.0
41.948,41.948,-63.47,0.22,0.0,52.40740740740542,-10.0,10.0
42.001,42.001,-64.12,2.19,-12.264150943396965,37.16981132075663,-10.0,10.0
42.055,42.055,-64.12,2.19,0.0,0.0,-10.0,10.0
42.108,42.108,-64.7,1.51,-10.943396226415626,-12.830188679245943,-10.0,10.0
42.161,42.161,-64.7,1.51,0.0,0.0,-10.0,10.0
42.214,42.214,-64.7,2.48,0.0,18.30188679245377,-10.0,10.0
42.268,42.268,-64.7,3.27,0.0,14.629629629629076,-10.0,10.0
42.321,42.321,-64.7,3.77,0.0,9.433962264151429,-10.0,10.0
42.374,42.374,-64.7,3.77,0.0,0.0,-10.0,10.0
42.427,42.427,-64.7,4.91,0.0,21.50943396226526,-10.0,10.0
42.482,42.482,-64.7,4.91,0.0,0.0,-10.0,10.0
42.537,42.537,-64.7,3.76,0.0,-20.909090909091024,-10.0,10.0
42.59,42.59,-64.7,5.42,0.0,31.32075471697855,-10.0,10.0
42.643,42.643,-64.7,9.85,0.0,83.58490566038165,-10.0,10.0
42.697,42.697,-64.7,13.32,0.0,64.25925925925684,-10.0,10.0
42.751,42.751,-64.7,12.8,0.0,-9.629629629630523,-10.0,10.0
42.807,42.807,-65.24,12.08,-9.642857142856228,-12.857142857141838,-10.0,10.0
42.862,42.862,-65.24,13.54,0.0,26.545454545454668,-10.0,10.0
42.919,42.919,-65.24,13.54,0.0,0.0,-10.0,10.0
42.974,42.974,-65.75,13.54,-9.272727272727414,0.0,-10.0,10.0
43.027,43.027,-65.75,11.99,0.0,-29.24528301886549,-10.0,10.0
43.085,43.085,-65.21,10.62,9.310344827586341,-23.6206896551725,-10.0,10.0
43.139,43.139,-65.21,12.36,0.0,32.222222222221006,-10.0,10.0
43.193,43.193,-65.21,16.97,0.0,85.37037037037835,-10.0,10.0
43.249,43.249,-65.21,20.51,0.0,63.21428571428069,-10.0,10.0
43.302,43.302,-65.21,19.86,0.0,-12.264150943396897,-10.0,10.0
43.355,43.355,-66.17,19.34,-18.113207547170894,-9.811320754717478,-10.0,10.0
43.409,43.409,-66.17,20.96,0.0,29.99999999999888,-10.0,10.0
43.464,43.464,-66.17,20.41,0.0,-10.000000000000064,-10.0,10.0
43.519,43.519,-66.17,19.24,0.0,-21.272727272727412,-10.0,10.0
43.574,43.574,-66.17,18.28,0.0,-17.454545454545496,-10.0,10.0
43.631,43.631,-66.17,17.16,0.0,-19.649122807016816,-10.0,10.0
43.684,43.684,-65.34,18.88,15.66037735849134,32.45283018868089,-10.0,10.0
43.738,43.738,-65.34,23.25,0.0,80.92592592592288,-10.0,10.0
43.793,43.793,-66.1,26.53,-13.818181818181724,59.63636363636397,-10.0,10.0
43.849,43.849,-66.1,25.8,0.0,-13.035714285714903,-10.0,10.0
43.905,43.905,-66.9,25.14,-14.285714285713343,-11.785714285713343,-10.0,10.0
43.958,43.958,-66.9,26.11,0.0,18.30188679245375,-10.0,10.0
44.011,44.011,-66.9,25.18,0.0,-17.5471698113193,-10.0,10.0
44.066,44.066,-66.9,24.54,0.0,-11.636363636363706,-10.0,10.0
44.123,44.123,-66.9,24.54,0.0,0.0,-10.0,10.0
44.178,44.178,-66.9,23.15,0.0,-25.272727272727412,-10.0,10.0
44.234,44.234,-66.9,24.72,0.0,28.035714285712043,-10.0,10.0
44.29,44.29,-66.9,28.85,0.0,73.7500000000035,-10.0,10.0
44.343,44.343,-66.9,31.55,0.0,50.943396226410876,-10.0,10.0
44.398,44.398,-66.9,30.29,0.0,-22.909090909091056,-10.0,10.0
44.454,44.454,-67.48,28.79,-10.35714285714331,-26.785714285715535,-10.0,10.0
44.507,44.507,-67.48,27.88,0.0,-17.169811320755603,-10.0,10.0
44.561,44.561,-67.48,26.77,0.0,-20.555555555554765,-10.0,10.0
44.618,44.618,-67.48,28.56,0.0,31.40350877192862,-10.0,10.0
44.671,44.671,-67.48,29.99,0.0,26.98113207547308,-10.0,10.0
44.725,44.725,-67.48,29.1,0.0,-16.481481481480802,-10.0,10.0
44.78,44.78,-67.48,30.32,0.0,22.181818181818276,-10.0,10.0
44.836,44.836,-68.01,34.14,-9.464285714286177,68.2142857142889,-10.0,10.0
44.894,44.894,-68.01,36.23,0.0,36.03448275862073,-10.0,10.0
44.949,44.949,-68.01,34.58,0.0,-30.000000000000128,-10.0,10.0
45.002,45.002,-68.01,33.52,0.0,-19.999999999998256,-10.0,10.0
45.057,45.057,-68.01,33.52,0.0,0.0,-10.0,10.0
45.113,45.113,-68.01,32.91,0.0,-10.892857142857768,-10.0,10.0
45.171,45.171,-68.01,34.24,0.0,22.931034482758783,-10.0,10.0
45.227,45.227,-68.53,37.78,-9.285714285714649,63.21428571428865,-10.0,10.0
45.28,45.28,-68.53,39.93,0.0,40.56603773584568,-10.0,10.0
45.334,45.334,-68.53,38.41,0.0,-28.14814814814714,-10.0,10.0
45.389,45.389,-68.53,36.97,0.0,-26.181818181818276,-10.0,10.0
45.446,45.446,-68.53,36.25,0.0,-12.631578947369498,-10.0,10.0
45.503,45.503,-68.0,35.25,9.298245614034755,-17.543859649122144,-10.0,10.0
45.562,45.562,-68.0,36.82,0.0,26.610169491526555,-10.0,10.0
45.618,45.618,-68.66,39.28,-11.78571428571328,43.92857142856792,-10.0,10.0
45.675,45.675,-68.66,41.15,0.0,32.80701754386245,-10.0,10.0
45.732,45.732,-68.66,42.72,0.0,27.543859649121767,0.0,0.0
45.785,45.785,-67.99,42.72,12.641509433962947,0.0,0.0,0.0
45.838,45.838,-67.99,40.79,0.0,-36.41509433961963,0.0,0.0
45.89,45.89,-67.99,40.15,0.0,-12.307692307692413,0.0,0.0
45.945,45.945,-67.99,40.15,0.0,0.0,0.0,0.0
45.998,45.998,-67.99,40.15,0.0,0.0,0.0,0.0
46.052,46.052,-67.99,39.64,0.0,-9.44444444444405,0.0,0.0
46.106,46.106,-67.99,39.64,0.0,0.0,0.0,0.0
46.16,46.16,-67.42,38.95,10.555555555556419,-12.777777777778933,0.0,0.0
46.212,46.212,-67.42,38.95,0.0,0.0,0.0,0.0
46.265,46.265,-67.42,38.39,0.0,-10.566037735849644,0.0,0.0
46.319,46.319,-66.84,38.39,10.740740740740302,0.0,0.0,0.0
46.371,46.371,-66.84,38.39,0.0,0.0,0.0,0.0
46.424,46.424,-66.26,37.75,10.943396226415626,-12.07547169811384,0.0,0.0
46.48,46.48,-66.26,37.75,0.0,0.0,0.0,0.0
46.535,46.535,-66.26,37.22,0.0,-9.636363636363706,0.0,0.0
46.587,46.587,-65.59,37.22,12.884615384613756,0.0,0.0,0.0
46.64,46.64,-65.59,36.55,0.0,-12.641509433962947,0.0,0.0
46.693,46.693,-65.06,36.55,10.000000000000536,0.0,0.0,0.0
46.746,46.746,-65.06,35.99,0.0,-10.566037735848093,0.0,0.0
46.799,46.799,-64.35,35.99,13.39622641509518,0.0,0.0,0.0
46.852,46.852,-63.82,35.34,10.000000000000401,-12.264150943396832,0.0,0.0
46.904,46.904,-63.82,35.34,0.0,0.0,0.0,0.0
46.958,46.958,-63.82,34.68,0.0,-12.222222222223436,0.0,0.0
47.011,47.011,-63.82,34.68,0.0,0.0,0.0,0.0
47.063,47.063,-62.96,33.72,16.538461538461654,-18.46153846153862,0.0,0.0
47.116,47.116,-62.96,33.72,0.0,0.0,0.0,0.0
47.172,47.172,-62.29,33.04,11.964285714286303,-12.142857142857705,0.0,0.0
47.224,47.224,-62.29,33.04,0.0,0.0,0.0,0.0
47.278,47.278,-62.29,32.3,0.0,-13.703703703703221,0.0,0.0
47.33,47.33,-61.59,32.3,13.461538461538483,0.0,0.0,0.0
47.383,47.383,-61.59,31.63,0.0,-12.641509433961184,0.0,0.0
47.437,47.437,-61.06,31.63,9.814814814815755,0.0,0.0,0.0
47.489,47.489,-61.06,30.75,0.0,-16.923076923077033,0.0,0.0
47.542,47.542,-60.21,30.75,16.037735849055306,0.0,0.0,0.0
47.595,47.595,-60.21,29.94,0.0,-15.283018867925291,0.0,0.0
47.648,47.648,-59.55,29.94,12.452830188678286,0.0,0.0,0.0
47.701,47.701,-59.55,29.36,0.0,-10.943396226415693,0.0,0.0
47.754,47.754,-58.99,29.36,10.566037735849509,0.0,0.0,0.0
47.806,47.806,-58.99,28.47,0.0,-17.11538461538476,0.0,0.0
47.86,47.86,-58.43,28.47,10.37037037037002,0.0,0.0,0.0
47.913,47.913,-58.43,27.74,0.0,-13.773584905661094,0.0,0.0
47.965,47.965,-57.78,27.74,12.49999999999836,0.0,0.0,0.0
48.018,48.018,-57.78,26.98,0.0,-14.339622641510134,0.0,0.0
48.072,48.072,-57.13,26.98,12.037037037036555,0.0,0.0,0.0
48.124,48.124,-57.13,26.09,0.0,-17.11538461538476,0.0,0.0
48.177,48.177,-56.38,26.09,14.150943396227143,0.0,0.0,0.0
48.23,48.23,-56.38,25.4,0.0,-13.018867924528996,0.0,0.0
48.284,48.284,-55.69,25.4,12.777777777777382,0.0,0.0,0.0
48.336,48.336,-55.69,24.79,0.0,-11.73076923076931,0.0,0.0
48.389,48.389,-55.69,24.79,0.0,0.0,0.0,0.0
48.442,48.442,-54.92,24.08,14.528301886793125,-13.396226415095045,0.0,0.0
48.495,48.495,-54.92,24.08,0.0,0.0,0.0,0.0
48.55,48.55,-54.11,23.34,14.727272727272844,-13.454545454545496,0.0,0.0
48.602,48.602,-54.11,23.34,0.0,0.0,0.0,0.0
48.655,48.655,-53.6,22.53,9.62264150943313,-15.283018867923243,0.0,0.0
48.709,48.709,-53.6,22.53,0.0,0.0,0.0,0.0
48.763,48.763,-53.05,22.53,10.185185185186219,0.0,0.0,0.0
48.816,48.816,-53.05,21.69,0.0,-15.849056603772274,0.0,0.0
48.868,48.868,-53.05,21.16,0.0,-10.192307692307793,0.0,0.0
48.922,48.922,-52.34,21.16,13.148148148149264,0.0,0.0,0.0
48.975,48.975,-52.34,20.62,0.0,-10.188679245282161,0.0,0.0
49.028,49.028,-52.34,20.62,0.0,0.0,0.0,0.0
49.082,49.082,-51.55,20.07,14.629629629629191,-10.185185185184812,0.0,0.0
49.135,49.135,-51.55,20.07,0.0,0.0,0.0,0.0
49.188,49.188,-51.01,19.15,10.188679245282161,-17.358490566036334,0.0,0.0
49.241,49.241,-51.01,19.15,0.0,0.0,0.0,0.0
49.293,49.293,-50.42,18.59,11.346153846153863,-10.769230769230827,0.0,0.0
49.35,49.35,-50.42,18.59,0.0,0.0,0.0,0.0
49.403,49.403,-49.72,17.88,13.207547169812054,-13.396226415095045,0.0,0.0
49.455,49.455,-49.72,17.88,0.0,0.0,0.0,0.0
49.508,49.508,-49.0,17.22,13.584905660376215,-12.45283018867822,0.0,0.0
49.562,49.562,-49.0,17.22,0.0,0.0,0.0,0.0
49.614,49.614,-48.44,16.67,10.769230769230896,-10.576923076923103,0.0,0.0
49.667,49.667,-48.44,16.67,0.0,0.0,0.0,0.0
49.72,49.72,-47.9,16.07,10.188679245283527,-11.320754716981742,0.0,0.0
49.772,49.772,-47.9,16.07,0.0,0.0,0.0,0.0
49.826,49.826,-47.9,15.45,0.0,-11.481481481481065,0.0,0.0
49.881,49.881,-47.22,15.45,12.363636363636422,0.0,0.0,0.0
49.933,49.933,-47.22,14.86,0.0,-11.34615384615393,0.0,0.0
49.986,49.986,-47.22,14.86,0.0,0.0,0.0,0.0
50.04,50.04,-46.62,14.21,11.111111111110716,-12.037037037036555,0.0,0.0
50.092,50.092,-46.62,14.21,0.0,0.0,0.0,0.0
50.145,50.145,-46.62,13.52,0.0,-13.018867924527251,0.0,0.0
50.201,50.201,-45.86,13.52,13.57142857142917,0.0,0.0,0.0
50.254,50.254,-45.86,12.92,0.0,-11.320754716981709,0.0,0.0
50.306,50.306,-45.32,12.92,10.384615384615447,0.0,0.0,0.0
50.359,50.359,-45.32,12.32,0.0,-11.32075471698019,0.0,0.0
50.414,50.414,-44.67,12.32,11.818181818181854,0.0,0.0,0.0
50.467,50.467,-44.67,12.32,0.0,0.0,0.0,0.0
50.519,50.519,-44.12,11.67,10.57692307692324,-12.500000000000103,0.0,0.0
50.572,50.572,-44.12,11.67,0.0,0.0,0.0,0.0
50.625,50.625,-43.46,11.07,12.452830188679822,-11.320754716981709,0.0,0.0
50.681,50.681,-43.46,11.07,0.0,0.0,0.0,0.0
50.734,50.734,-43.46,10.51,0.0,-10.566037735848193,0.0,0.0
50.839,50.839,-42.81,10.51,6.190476190476361,0.0,0.0,0.0
50.945,50.945,-42.31,9.75,4.716981132075398,-7.1698113207546035,0.0,0.0
50.998,50.998,-41.66,9.75,12.264150943396965,0.0,0.0,0.0
51.05,51.05,-41.66,9.01,0.0,-14.230769230769344,0.0,0.0
51.104,51.104,-41.15,9.01,9.44444444444405,0.0,0.0,0.0
51.157,51.157,-41.15,8.47,0.0,-10.188679245283527,0.0,0.0
51.209,51.209,-41.15,8.47,0.0,0.0,0.0,0.0
51.262,51.262,-40.38,7.91,14.528301886793125,-10.56603773584961,0.0,0.0
51.315,51.315,-40.38,7.91,0.0,0.0,0.0,0.0
51.368,51.368,-40.38,7.91,0.0,0.0,0.0,0.0
51.421,51.421,-39.81,7.91,10.754716981132635,0.0,0.0,0.0
51.473,51.473,-39.81,7.24,0.0,-12.884615384615483,0.0,0.0
51.528,51.528,-39.81,7.24,0.0,0.0,0.0,0.0
51.581,51.581,-39.07,6.71,13.96226415094228,-9.99999999999918,0.0,0.0
51.633,51.633,-39.07,6.71,0.0,0.0,0.0,0.0
51.686,51.686,-38.51,6.71,10.566037735849644,0.0,0.0,0.0
51.739,51.739,-38.51,6.06,0.0,-12.264150943396864,0.0,0.0
51.792,51.792,-38.51,6.06,0.0,0.0,0.0,0.0
51.845,51.845,-38.51,6.06,0.0,0.0,0.0,0.0
51.897,51.897,-37.86,5.39,12.500000000000068,-12.884615384615483,0.0,0.0
51.951,51.951,-37.86,5.39,0.0,0.0,0.0,0.0
52.003,52.003,-37.21,5.39,12.500000000000068,0.0,0.0,0.0
52.056,52.056,-37.21,5.39,0.0,0.0,0.0,0.0
52.109,52.109,-37.21,4.73,0.0,-12.452830188678202,0.0,0.0
52.161,52.161,-36.64,4.73,10.96153846153855,0.0,0.0,0.0
52.215,52.215,-36.64,4.73,0.0,0.0,0.0,0.0
52.267,52.267,-36.64,4.07,0.0,-12.692307692307793,0.0,0.0
52.32,52.32,-35.91,4.07,13.773584905661162,0.0,0.0,0.0
52.373,52.373,-35.91,4.07,0.0,0.0,0.0,0.0
52.426,52.426,-35.91,4.07,0.0,0.0,0.0,0.0
52.479,52.479,-35.31,4.07,11.320754716981607,0.0,0.0,0.0
52.532,52.532,-35.31,3.36,0.0,-13.396226415095038,0.0,0.0
52.584,52.584,-35.31,3.36,0.0,0.0,0.0,0.0
52.638,52.638,-34.7,3.36,11.296296296297344,0.0,0.0,0.0
52.69,52.69,-34.7,3.36,0.0,0.0,0.0,0.0
52.743,52.743,-34.7,2.71,0.0,-12.264150943395212,0.0,0.0
52.796,52.796,-34.12,2.71,10.943396226415759,0.0,0.0,0.0
52.849,52.849,-34.12,2.71,0.0,0.0,0.0,0.0
52.903,52.903,-34.12,2.71,0.0,0.0,0.0,0.0
52.955,52.955,-33.62,2.17,9.61538461538469,-10.384615384615465,0.0,0.0
53.008,53.008,-33.62,2.17,0.0,0.0,0.0,0.0
53.061,53.061,-33.62,2.17,0.0,0.0,0.0,0.0
53.114,53.114,-33.62,1.61,0.0,-10.566037735849598,0.0,0.0
53.167,53.167,-33.05,1.61,10.754716981131192,0.0,0.0,0.0
53.219,53.219,-33.05,1.61,0.0,0.0,0.0,0.0
53.273,53.273,-32.47,1.61,10.740740740740302,0.0,0.0,0.0
53.325,53.325,-32.47,1.61,0.0,0.0,0.0,0.0
53.378,53.378,-32.47,1.0,0.0,-11.509433962264746,0.0,0.0
53.431,53.431,-32.47,1.0,0.0,0.0,0.0,0.0
53.483,53.483,-31.9,1.0,10.96153846153855,0.0,0.0,0.0
53.537,53.537,-31.9,0.49,0.0,-9.444444444444088,0.0,0.0
53.589,53.589,-31.9,0.49,0.0,0.0,0.0,0.0
53.642,53.642,-31.29,0.49,11.50943396226319,0.0,0.0,0.0
53.695,53.695,-31.29,0.49,0.0,0.0,0.0,0.0
53.748,53.748,-31.29,-0.02,0.0,-9.622641509434457,0.0,0.0
53.801,53.801,-31.29,-0.02,0.0,0.0,0.0,0.0
53.853,53.853,-30.77,-0.02,10.000000000000068,0.0,0.0,0.0
53.906,53.906,-30.77,-0.02,0.0,0.0,0.0,0.0
53.96,53.96,-30.77,-0.02,0.0,0.0,0.0,0.0
54.012,54.012,-30.26,-0.02,9.807692307692344,0.0,0.0,0.0
54.065,54.065,-30.26,-0.71,0.0,-13.018867924528971,0.0,0.0
54.117,54.117,-30.26,-0.71,0.0,0.0,0.0,0.0
54.171,54.171,-29.72,-0.71,9.999999999999671,0.0,0.0,0.0
54.224,54.224,-29.72,-0.71,0.0,0.0,0.0,0.0
54.277,54.277,-29.72,-0.71,0.0,0.0,0.0,0.0
54.329,54.329,-29.72,-0.71,0.0,0.0,0.0,0.0
54.383,54.383,-29.21,-1.4,9.44444444444405,-12.777777777777292,0.0,0.0
54.435,54.435,-29.21,-1.4,0.0,0.0,0.0,0.0
54.488,54.488,-29.21,-1.4,0.0,0.0,0.0,0.0
54.541,54.541,-29.21,-1.4,0.0,0.0,0.0,0.0
54.593,54.593,-29.21,-1.91,0.0,-9.807692307691044,0.0,0.0
54.647,54.647,-28.64,-1.91,10.55555555555655,0.0,0.0,0.0
54.7,54.7,-28.64,-1.91,0.0,0.0,0.0,0.0
54.752,54.752,-28.64,-1.91,0.0,0.0,0.0,0.0
54.805,54.805,-28.64,-1.91,0.0,0.0,0.0,0.0
54.859,54.859,-28.12,-2.44,9.629629629629257,-9.814814814814444,0.0,0.0
54.912,54.912,-28.12,-2.44,0.0,0.0,0.0,0.0
54.964,54.964,-28.12,-2.44,0.0,0.0,0.0,0.0
55.017,55.017,-28.12,-2.44,0.0,0.0,0.0,0.0
55.07,55.07,-28.12,-2.95,0.0,-9.622641509434462,0.0,0.0
55.123,55.123,-27.52,-2.95,11.320754716981742,0.0,0.0,0.0
55.176,55.176,-27.52,-2.95,0.0,0.0,0.0,0.0
55.229,55.229,-27.52,-2.95,0.0,0.0,0.0,0.0
55.283,55.283,-27.52,-2.95,0.0,0.0,0.0,0.0
55.335,55.335,-26.9,-2.95,11.923076923077033,0.0,0.0,0.0
55.388,55.388,-26.9,-3.53,0.0,-10.94339622641565,0.0,0.0
55.44,55.44,-26.9,-3.53,0.0,0.0,0.0,0.0
55.494,55.494,-26.9,-3.53,0.0,0.0,0.0,0.0
55.547,55.547,-26.9,-3.53,0.0,0.0,0.0,0.0
55.599,55.599,-26.9,-3.53,0.0,0.0,0.0,0.0
55.652,55.652,-26.4,-3.53,9.433962264150164,0.0,0.0,0.0
55.706,55.706,-26.4,-3.53,0.0,0.0,0.0,0.0
55.758,55.758,-26.4,-4.07,0.0,-10.384615384615474,0.0,0.0
55.811,55.811,-26.4,-4.07,0.0,0.0,0.0,0.0
55.863,55.863,-25.86,-4.07,10.384615384615447,0.0,0.0,0.0
55.916,55.916,-25.86,-4.07,0.0,0.0,0.0,0.0
55.97,55.97,-25.86,-4.07,0.0,0.0,0.0,0.0
56.022,56.022,-25.86,-4.07,0.0,0.0,0.0,0.0
56.076,56.076,-25.86,-4.59,0.0,-9.629629629629257,0.0,0.0
56.129,56.129,-25.3,-4.59,10.566037735849577,0.0,0.0,0.0
56.182,56.182,-25.3,-4.59,0.0,0.0,0.0,0.0
56.235,56.235,-25.3,-5.09,0.0,-9.433962264151429,0.0,0.0
56.289,56.289,-25.3,-5.09,0.0,0.0,0.0,0.0
56.341,56.341,-24.8,-5.09,9.61538461538469,0.0,0.0,0.0
56.395,56.395,-24.8,-5.09,0.0,0.0,0.0,0.0
56.448,56.448,-24.8,-5.09,0.0,0.0,0.0,0.0
56.501,56.501,-24.8,-5.09,0.0,0.0,0.0,0.0
56.554,56.554,-24.8,-5.09,0.0,0.0,0.0,0.0
56.608,56.608,-24.8,-5.09,0.0,0.0,0.0,0.0
56.661,56.661,-24.3,-5.09,9.433962264150164,0.0,0.0,0.0
56.713,56.713,-24.3,-5.69,0.0,-11.538461538461638,0.0,0.0
56.766,56.766,-24.3,-5.69,0.0,0.0,0.0,0.0
56.819,56.819,-24.3,-5.69,0.0,0.0,0.0,0.0
56.872,56.872,-24.3,-5.69,0.0,0.0,0.0,0.0
56.925,56.925,-24.3,-5.69,0.0,0.0,0.0,0.0
56.977,56.977,-24.3,-5.69,0.0,0.0,0.0,0.0
57.031,57.031,-24.3,-5.69,0.0,0.0,0.0,0.0
57.084,57.084,-23.69,-5.69,11.50943396226319,0.0,0.0,0.0
57.136,57.136,-23.69,-5.69,0.0,0.0,0.0,0.0
57.189,57.189,-23.69,-6.31,0.0,-11.698113207547758,0.0,0.0
57.243,57.243,-23.69,-6.31,0.0,0.0,0.0,0.0
57.296,57.296,-23.69,-6.31,0.0,0.0,0.0,0.0
57.348,57.348,-23.69,-6.31,0.0,0.0,0.0,0.0
57.401,57.401,-23.69,-6.31,0.0,0.0,0.0,0.0
57.455,57.455,-23.69,-6.31,0.0,0.0,0.0,0.0
